{"ConvNet": {}, "LeNet5": {"1": 87.0, "2": 92.16666666666667, "3": 92.66666666666667, "4": 93.66666666666667, "5": 95.33333333333333, "6": 94.83333333333333, "7": 94.83333333333333, "8": 95.5, "9": 97.5, "10": 97.16666666666667, "11": 96.66666666666667, "12": 98.33333333333333, "13": 92.83333333333333, "14": 98.33333333333333, "15": 97.83333333333333}, "VGG16": {}}