{"ConvNet": {}, "LeNet5": {"1": 82.66666666666667, "2": 85.16666666666667, "3": 88.0, "4": 87.16666666666667, "5": 91.33333333333333, "6": 88.66666666666667, "7": 91.16666666666667, "8": 90.5, "9": 90.16666666666667, "10": 92.16666666666667, "11": 94.5, "12": 93.0, "13": 93.33333333333333, "14": 93.66666666666667, "15": 94.66666666666667}, "VGG16": {}}