{"ConvNet": {}, "LeNet5": {"1": 87.0, "2": 94.0, "3": 90.66666666666667, "4": 96.0, "5": 94.66666666666667, "6": 98.0, "7": 99.0, "8": 97.33333333333333, "9": 98.0, "10": 98.0}, "VGG16": {}}