{"ConvNet": {}, "LeNet5": {"1": 87.5, "2": 80.83333333333333, "3": 95.16666666666667}, "VGG16": {}}