{"ConvNet": {}, "LeNet5": {"1": [0.6930276155471802, 0.6875860095024109, 0.6734175086021423, 0.6747827529907227, 0.6596564054489136, 0.6598343253135681, 0.6488751769065857, 0.6307565569877625, 0.6238982677459717, 0.619188129901886, 0.6377413272857666, 0.595553994178772, 0.5850984454154968, 0.6040815711021423, 0.577820360660553, 0.591414749622345, 0.5678180456161499, 0.5846542119979858, 0.5023760795593262, 0.548484742641449, 0.5569649934768677, 0.5426797866821289, 0.5578924417495728, 0.5267881155014038, 0.5267608761787415, 0.4849790632724762, 0.5593423247337341, 0.4943079948425293, 0.46985140442848206, 0.46770498156547546, 0.41373777389526367, 0.4614449143409729, 0.41231662034988403, 0.406902551651001, 0.4122922420501709, 0.410343736410141, 0.3850797712802887, 0.40027695894241333, 0.4226268529891968, 0.41534653306007385, 0.3888082206249237, 0.48740994930267334, 0.3530244529247284, 0.32302621006965637, 0.36276453733444214, 0.35497546195983887, 0.4596491754055023, 0.3041303753852844, 0.37583690881729126, 0.43232521414756775, 0.336166113615036, 0.3483612537384033, 0.37038907408714294, 0.2959895431995392, 0.39080485701560974, 0.3151716887950897, 0.3677448332309723, 0.31385543942451477, 0.29115939140319824, 0.3215382993221283, 0.2893234193325043, 0.3825405538082123, 0.2326868325471878, 0.26901575922966003, 0.3196309208869934, 0.2921351492404938, 0.34093424677848816, 0.2286614179611206, 0.2918318808078766, 0.44090035557746887, 0.35132911801338196, 0.3059537410736084, 0.22848181426525116, 0.2694924473762512, 0.18806299567222595, 0.2884773910045624, 0.21006031334400177, 0.28930410742759705, 0.28717872500419617, 0.2864232063293457, 0.273239403963089, 0.2363954484462738, 0.20373953878879547, 0.3145316541194916, 0.28805482387542725, 0.21093855798244476, 0.21860578656196594, 0.3157491087913513, 0.1798490583896637, 0.22851060330867767, 0.27499645948410034, 0.29214319586753845, 0.1876891553401947, 0.27260491251945496, 0.27001309394836426, 0.224977046251297, 0.24734263122081757, 0.2183244675397873, 0.2511236369609833, 0.24811461567878723, 0.25108253955841064, 0.38587266206741333, 0.23739708960056305, 0.30341923236846924], "2": [0.6834656596183777, 0.6806129813194275, 0.6790022850036621, 0.6779996752738953, 0.6637914776802063, 0.6708688139915466, 0.648571789264679, 0.6299495697021484, 0.6208071112632751, 0.6395629048347473, 0.6034606099128723, 0.6732041835784912, 0.5677050948143005, 0.6355040073394775, 0.5545701384544373, 0.5807083249092102, 0.5819520950317383, 0.5846765637397766, 0.6224967241287231, 0.5425277352333069, 0.5764803290367126, 0.5586184859275818, 0.502657949924469, 0.5453409552574158, 0.5225803852081299, 0.46350422501564026, 0.601649284362793, 0.5083003044128418, 0.487455278635025, 0.4833762049674988, 0.4808959662914276, 0.5503283739089966, 0.5008480548858643, 0.4486294686794281, 0.4425604045391083, 0.46641311049461365, 0.3918400704860687, 0.39979833364486694, 0.45637449622154236, 0.4624500572681427, 0.4682878851890564, 0.5116677284240723, 0.4770415425300598, 0.4571373462677002, 0.4297003448009491, 0.47828030586242676, 0.3388964831829071, 0.49905604124069214, 0.43270647525787354, 0.4290875494480133, 0.40811392664909363, 0.37734848260879517, 0.41449347138404846, 0.36757758259773254, 0.4196752607822418, 0.3557632565498352, 0.35913971066474915, 0.3972863256931305, 0.37156379222869873, 0.371720552444458, 0.30878907442092896, 0.360228031873703, 0.39809268712997437, 0.2957265377044678, 0.3844263553619385, 0.34627240896224976, 0.3714059889316559, 0.37359097599983215, 0.2853076457977295, 0.3176215589046478, 0.3114629089832306, 0.23026348650455475, 0.302141934633255, 0.3635759651660919, 0.35945627093315125, 0.25310981273651123, 0.3316151201725006, 0.37573230266571045, 0.25875920057296753, 0.3215722441673279, 0.2715499699115753, 0.2753569781780243, 0.23169159889221191, 0.33847904205322266, 0.30469104647636414, 0.29636168479919434, 0.3273254334926605, 0.2734432816505432, 0.4281442165374756, 0.24886353313922882, 0.2630165219306946, 0.2836746275424957, 0.32785409688949585, 0.3321259021759033, 0.29517146944999695, 0.20067675411701202, 0.26162445545196533, 0.302160382270813, 0.22391122579574585, 0.19352376461029053, 0.34417566657066345, 0.20560069382190704, 0.32125964760780334, 0.6053179502487183, 0.20924867689609528, 0.35665175318717957, 0.25902947783470154, 0.30741825699806213, 0.28605055809020996, 0.2991611659526825, 0.26703667640686035, 0.29184383153915405, 0.31652742624282837, 0.31320399045944214, 0.18900954723358154, 0.23244032263755798, 0.2816484868526459, 0.37535372376441956, 0.24644790589809418, 0.22767603397369385, 0.2853313088417053, 0.22033539414405823, 0.42611557245254517, 0.22939759492874146, 0.2784845232963562, 0.22884148359298706, 0.16369231045246124, 0.28896597027778625, 0.3101498782634735, 0.2521153688430786, 0.24281595647335052, 0.31696397066116333, 0.20700982213020325, 0.25147926807403564, 0.20657013356685638, 0.19277019798755646, 0.3105314075946808, 0.20752164721488953, 0.2096424549818039, 0.18225416541099548, 0.25714218616485596, 0.17792023718357086, 0.22379173338413239, 0.19082249701023102, 0.1760590672492981, 0.24870441854000092, 0.19080640375614166, 0.4226328432559967, 0.18781961500644684, 0.22258307039737701, 0.36555594205856323, 0.2928283214569092, 0.21915526688098907, 0.27747100591659546, 0.398815393447876, 0.20805484056472778, 0.2540094554424286, 0.15711715817451477, 0.10849814862012863, 0.18946605920791626, 0.15690450370311737, 0.26126107573509216, 0.23288558423519135, 0.1269654631614685, 0.2887386381626129, 0.23417848348617554, 0.1839503049850464, 0.2539500594139099, 0.19482646882534027, 0.16750752925872803, 0.2711375653743744, 0.2464929074048996, 0.2555382251739502, 0.19915521144866943, 0.12516161799430847, 0.23531611263751984, 0.15188977122306824, 0.1921086311340332, 0.3756159842014313, 0.25637710094451904, 0.15799598395824432, 0.24280166625976562, 0.1807762235403061, 0.12707622349262238, 0.24100370705127716, 0.19152984023094177, 0.354746013879776, 0.1475367248058319, 0.2538083791732788, 0.165738046169281, 0.17235346138477325, 0.1560095101594925, 0.22675871849060059, 0.237632617354393, 0.21725542843341827, 0.21600517630577087, 0.12597326934337616, 0.2009444236755371, 0.136680468916893, 0.2554190754890442, 0.186734139919281, 0.15682078897953033, 0.38679102063179016, 0.17846351861953735, 0.31497812271118164, 0.11862630397081375, 0.15986649692058563, 0.3407561779022217],